{
  "block_count": 26,
  "causal_direction": "n_to_c",
  "connected_parent_count": 3,
  "cycle_rank_target": 1,
  "distinct_fixed_points": 3,
  "fixed_point_trace": [
    {
      "connected_evaluations": 188643,
      "contact_atom_pairs": 76,
      "contact_residue_pairs": 51,
      "cycle_distance_to_one": 0,
      "evaluations": 475200,
      "graph_components": 1,
      "graph_cycle_rank": 1,
      "interblock_edges": 26,
      "path": [
        4,
        296,
        155,
        340,
        383,
        280,
        330,
        298,
        239,
        201,
        231,
        506,
        50,
        202,
        49,
        247,
        564,
        117,
        201,
        201,
        117,
        116,
        93,
        201,
        92,
        276,
        117,
        249,
        117,
        117,
        74,
        446,
        143,
        201,
        117,
        201,
        237,
        117,
        201,
        117,
        201,
        224,
        27,
        202,
        116,
        201,
        118,
        201,
        299,
        179,
        117,
        89,
        201,
        201,
        117,
        117,
        117,
        184,
        167,
        153,
        199,
        119,
        117,
        249,
        201,
        93,
        140,
        118,
        154,
        412,
        267,
        527,
        315,
        529,
        0
      ],
      "rank_key": [
        2,
        0.6555819234775148,
        9.880816864771289
      ],
      "seed": "v42_mask_2178",
      "sweeps": [
        {
          "changed_states": 26,
          "cycle_distance_to_one": 0,
          "graph_cycle_rank": 1,
          "rank_key": [
            5,
            0.8504811577349795,
            17.556248497204738
          ],
          "sweep": 1
        },
        {
          "changed_states": 17,
          "cycle_distance_to_one": 0,
          "graph_cycle_rank": 1,
          "rank_key": [
            5,
            0.7109286098006422,
            11.302323249934739
          ],
          "sweep": 2
        },
        {
          "changed_states": 10,
          "cycle_distance_to_one": 0,
          "graph_cycle_rank": 1,
          "rank_key": [
            5,
            0.6895989713244283,
            11.341674827315599
          ],
          "sweep": 3
        },
        {
          "changed_states": 5,
          "cycle_distance_to_one": 0,
          "graph_cycle_rank": 1,
          "rank_key": [
            5,
            0.6884026834922953,
            11.275640948868755
          ],
          "sweep": 4
        },
        {
          "changed_states": 3,
          "cycle_distance_to_one": 0,
          "graph_cycle_rank": 1,
          "rank_key": [
            5,
            0.6831723583516591,
            11.199375432921373
          ],
          "sweep": 5
        },
        {
          "changed_states": 2,
          "cycle_distance_to_one": 0,
          "graph_cycle_rank": 1,
          "rank_key": [
            5,
            0.6824857970504274,
            11.195986544370806
          ],
          "sweep": 6
        },
        {
          "changed_states": 10,
          "cycle_distance_to_one": 0,
          "graph_cycle_rank": 1,
          "rank_key": [
            2,
            0.6624229659941389,
            9.799187466055244
          ],
          "sweep": 7
        },
        {
          "changed_states": 7,
          "cycle_distance_to_one": 0,
          "graph_cycle_rank": 1,
          "rank_key": [
            2,
            0.6558108888194006,
            9.88136102984156
          ],
          "sweep": 8
        },
        {
          "changed_states": 2,
          "cycle_distance_to_one": 0,
          "graph_cycle_rank": 1,
          "rank_key": [
            2,
            0.6555819234775161,
            9.880816864771331
          ],
          "sweep": 9
        },
        {
          "changed_states": 1,
          "cycle_distance_to_one": 0,
          "graph_cycle_rank": 1,
          "rank_key": [
            2,
            0.6555819234775148,
            9.880816864771289
          ],
          "sweep": 10
        },
        {
          "changed_states": 0,
          "cycle_distance_to_one": 0,
          "graph_cycle_rank": 1,
          "rank_key": [
            2,
            0.6555819234775148,
            9.880816864771289
          ],
          "sweep": 11
        }
      ]
    },
    {
      "connected_evaluations": 56003,
      "contact_atom_pairs": 54,
      "contact_residue_pairs": 42,
      "cycle_distance_to_one": 0,
      "evaluations": 432000,
      "graph_components": 1,
      "graph_cycle_rank": 1,
      "interblock_edges": 26,
      "path": [
        18,
        324,
        71,
        247,
        359,
        259,
        529,
        401,
        356,
        201,
        201,
        117,
        141,
        157,
        49,
        116,
        116,
        259,
        201,
        201,
        117,
        117,
        117,
        201,
        117,
        201,
        117,
        199,
        115,
        25,
        115,
        117,
        140,
        204,
        117,
        201,
        328,
        117,
        131,
        117,
        201,
        201,
        201,
        219,
        116,
        201,
        118,
        201,
        71,
        342,
        24,
        117,
        201,
        201,
        117,
        117,
        117,
        201,
        565,
        0,
        176,
        423,
        117,
        200,
        177,
        95,
        117,
        136,
        75,
        8,
        213,
        547,
        22,
        526,
        0
      ],
      "rank_key": [
        1,
        0.6012796048117923,
        10.553011317622108
      ],
      "seed": "v42_mask_5814",
      "sweeps": [
        {
          "changed_states": 25,
          "cycle_distance_to_one": 0,
          "graph_cycle_rank": 1,
          "rank_key": [
            4,
            0.6766646062775413,
            10.363619949213026
          ],
          "sweep": 1
        },
        {
          "changed_states": 12,
          "cycle_distance_to_one": 0,
          "graph_cycle_rank": 1,
          "rank_key": [
            3,
            0.7246786484714868,
            10.831984028331528
          ],
          "sweep": 2
        },
        {
          "changed_states": 11,
          "cycle_distance_to_one": 0,
          "graph_cycle_rank": 1,
          "rank_key": [
            2,
            0.6415417282048295,
            9.819174092229066
          ],
          "sweep": 3
        },
        {
          "changed_states": 6,
          "cycle_distance_to_one": 0,
          "graph_cycle_rank": 1,
          "rank_key": [
            2,
            0.6197460207627746,
            9.683049904312453
          ],
          "sweep": 4
        },
        {
          "changed_states": 3,
          "cycle_distance_to_one": 0,
          "graph_cycle_rank": 1,
          "rank_key": [
            2,
            0.6171358063960808,
            9.718970021669081
          ],
          "sweep": 5
        },
        {
          "changed_states": 3,
          "cycle_distance_to_one": 0,
          "graph_cycle_rank": 1,
          "rank_key": [
            2,
            0.6127755026733682,
            9.715806985492408
          ],
          "sweep": 6
        },
        {
          "changed_states": 8,
          "cycle_distance_to_one": 0,
          "graph_cycle_rank": 1,
          "rank_key": [
            2,
            0.6079764156722557,
            9.935265954774783
          ],
          "sweep": 7
        },
        {
          "changed_states": 5,
          "cycle_distance_to_one": 0,
          "graph_cycle_rank": 1,
          "rank_key": [
            2,
            0.604329581393129,
            10.52946420710517
          ],
          "sweep": 8
        },
        {
          "changed_states": 7,
          "cycle_distance_to_one": 0,
          "graph_cycle_rank": 1,