{
  "candidate_count": 2,
  "candidates": [
    {
      "candidate_index": 0,
      "hard_exclusion_vector": [
        0,
        0
      ],
      "objective_vector": [
        0.03444518004699784,
        25.095051408954564,
        0.3750758071527274,
        1.0,
        1.0199131071768242,
        -0.0,
        -0.0,
        0.0,
        1595.1797977099886,
        -0.16866553145520186,
        0.753187202911787,
        3.1830533310432627,
        -0.6508923590563547,
        -2.2562015048546127,
        -2.9070938639109665,
        104,
        95,
        45,
        104,
        95,
        45,
        0,
        0,
        0,
        32,
        0,
        0,
        0,
        0,
        0,
        0,
        0,
        0,
        0,
        0,
        0,
        32,
        0,
        0,
        12,
        25,
        0,
        12,
        45,
        0,
        0,
        25,
        0,
        0,
        0,
        0,
        0,
        0,
        0,
        0,
        0,
        25,
        16,
        0,
        0,
        0,
        0,
        20
      ],
      "prediction_pdb": "candidate_00.pdb",
      "prediction_pdb_sha256": "13a50bc960cfb9d9e5688ab05542bebd6343b6c04ba32e59c6ecef6af93cb0fc",
      "selected_emission": true,
      "states": [
        9,
        178,
        243,
        12,
        197,
        135,
        148,
        109,
        490,
        304,
        439,
        6,
        570,
        86,
        559,
        541,
        56,
        486,
        400,
        12,
        29,
        77,
        534,
        0
      ],
      "states_sha256": "5c97513c1862afc1f76a0e2c4d17dea9d81211e977c14e8fa1a9a7ae1521b290"
    },
    {
      "candidate_index": 1,
      "hard_exclusion_vector": [
        0,
        0
      ],
      "objective_vector": [
        0.03444518004699784,
        25.095051408954564,
        0.3750758071527274,
        1.0,
        1.019913107176824,
        -0.0,
        -0.0,
        0.0,
        1591.810876963912,
        -0.16866553145520174,
        0.7493377956862604,
        3.1831152714173743,
        -0.6508923590563556,
        -2.255290358650759,
        -2.906182717707115,
        104,
        95,
        45,
        104,
        95,
        45,
        0,
        0,
        0,
        32,
        0,
        0,
        0,
        0,
        0,
        0,
        0,
        0,
        0,
        0,
        0,
        32,
        0,
        0,
        12,
        25,
        0,
        12,
        45,
        0,
        0,
        25,
        0,
        0,
        0,
        0,
        0,
        0,
        0,
        0,
        0,
        25,
        16,
        0,
        0,
        0,
        0,
        20
      ],
      "prediction_pdb": "candidate_01.pdb",
      "prediction_pdb_sha256": "e64f2020731b02230974be38d8fa314acfb34eda2e5eeef8a479106d3aade180",
      "selected_emission": false,
      "states": [
        9,
        178,
        243,
        12,
        221,
        135,
        148,
        109,
        490,
        304,
        439,
        6,
        570,
        86,
        559,
        541,
        56,
        486,
        400,
        12,
        29,
        77,
        534,
        0
      ],
      "states_sha256": "cb7275458a53f63ab25d71c73abed79369f6f1a24e7c7299e605f5c1105ffbfe"
    }
  ],
  "official_run": false,
  "original_seal_sha256": "630a105de26c0ac72cc04331f922e60ec4a4858f3d5d645bc3f0fcd23b0fd9e7",
  "original_selected_states_sha256": "78995083393e44b5ed5b4eb5855ce4755834d281acfbe4923f8387c0c9209e6f",
  "result_type": "target-free historical frontier reconstruction",
  "run_id": "development-ubiquitin-v33-minimax-consensus-l24-20260720",
  "schema": "fold-protein-v33-reconstructed-complete-frontier/v1",
  "selected_output_byte_reproduced": true,
  "status": "completed"
}
