{
  "schema": "fold-protein-v10-v13-l76-development-delta/v1",
  "status": "completed",
  "result_type": "cumulative development benchmark",
  "official_run": false,
  "authority": "Maria Smith alone assigns conclusions and official status.",
  "comparison": {
    "global": {
      "v10_tm_score": 0.09033263627027091,
      "v13_tm_score": 0.14226877551271516,
      "tm_score_delta": 0.05193613924244425,
      "tm_score_improvement_fraction": 0.574943247389059,
      "v10_ca_drmsd_angstrom": 7.241687663489846,
      "v13_ca_drmsd_angstrom": 7.872750334234049,
      "ca_drmsd_delta_angstrom": 0.6310626707442033
    },
    "local_windows": {
      "3": {
        "v13_improved_over_v10": 39,
        "window_count": 74,
        "v10_best_tm_score": 0.9977831859693745,
        "v13_best_tm_score": 0.9984764349723149,
        "v13_best_sequence": "TLE",
        "v13_best_positions_one_based": [14, 16],
        "v13_best_ca_drmsd_angstrom": 0.014272729737428871
      },
      "4": {
        "v13_improved_over_v10": 32,
        "window_count": 73,
        "v10_best_tm_score": 0.7161453983087227,
        "v13_best_tm_score": 0.7777978001921849,
        "v13_best_sequence": "IFAG",
        "v13_best_positions_one_based": [44, 47],
        "v13_best_ca_drmsd_angstrom": 0.2175881982974678
      },
      "5": {
        "v13_improved_over_v10": 30,
        "window_count": 72,
        "v10_best_tm_score": 0.609078001588949,
        "v13_best_tm_score": 0.25764238229583347,
        "v13_best_sequence": "LEVEP",
        "v13_best_positions_one_based": [15, 19],
        "v13_best_ca_drmsd_angstrom": 1.956678451130743
      },
      "6": {
        "v13_improved_over_v10": 33,
        "window_count": 71,
        "v10_best_tm_score": 0.21019846072326961,
        "v13_best_tm_score": 0.28290403163587013
      },
      "8": {
        "v13_improved_over_v10": 42,
        "window_count": 69,
        "v10_best_tm_score": 0.15674244203252025,
        "v13_best_tm_score": 0.11360655899316015
      },
      "12": {
        "v13_improved_over_v10": 36,
        "window_count": 65,
        "v10_best_tm_score": 0.09742892393283133,
        "v13_best_tm_score": 0.09170939516726269
      },
      "16": {
        "v13_improved_over_v10": 37,
        "window_count": 61,
        "v10_best_tm_score": 0.03909953580283577,
        "v13_best_tm_score": 0.08846686287438767
      },
      "24": {
        "v13_improved_over_v10": 43,
        "window_count": 53,
        "v10_best_tm_score": 0.06201980326958125,
        "v13_best_tm_score": 0.08367551656171801
      },
      "32": {
        "v13_improved_over_v10": 40,
        "window_count": 45,
        "v10_best_tm_score": 0.08763795429314813,
        "v13_best_tm_score": 0.14930642945914113
      },
      "48": {
        "v13_improved_over_v10": 29,
        "window_count": 29,
        "v10_best_tm_score": 0.12793646757309254,
        "v13_best_tm_score": 0.17102677082491513
      }
    }
  },
  "source_receipts": {
    "v10_global": "verify/development_runs/ubiquitin_v10_balanced_relations_l76_20260719/evaluation.json",
    "v10_local_l3": "verify/development_runs/ubiquitin_v10_balanced_relations_l76_20260719/local_windows_l3.json",
    "v10_local_l4": "verify/development_runs/ubiquitin_v10_balanced_relations_l76_20260719/local_windows_l4.json",
    "v10_local_l5": "verify/development_runs/ubiquitin_v10_balanced_relations_l76_20260719/local_windows_l5.json",
    "v13_global": "verify/development_runs/ubiquitin_v13_retained_topology_l76_20260719/evaluation.json",
    "v13_local_l3": "verify/development_runs/ubiquitin_v13_retained_topology_l76_20260719/local_windows_l3.json",
    "v13_local_l4": "verify/development_runs/ubiquitin_v13_retained_topology_l76_20260719/local_windows_l4.json",
    "v13_local_l5": "verify/development_runs/ubiquitin_v13_retained_topology_l76_20260719/local_windows_l5.json",
    "extended_window_lengths": [6, 8, 12, 16, 24, 32, 48],
    "v10_extended_directory": "verify/development_runs/ubiquitin_v10_balanced_relations_l76_20260719",
    "v13_extended_directory": "verify/development_runs/ubiquitin_v13_retained_topology_l76_20260719"
  },
  "interpretation": "V13 materially improves complete-chain TM similarity, the strongest three- and four-residue local geometry, and broad medium-to-long propagation over V10. All 29 forty-eight-residue windows improve. The mixed maxima at lengths five, eight, and twelve and the pairwise-distance result locate the active continuity derivation without establishing a theoretical wall.",
  "author_audit": "Codex gpt-5.6-sol, high reasoning"
}
